review_id,author,listing_id,rating,comments
a5e2eb09,a2401ad6,7305850264,3,The car's brakes are strong and reliable. Themselves option foot professor.
034bcfeb,c204bc96,7303112586,5,The car's climate control keeps the cabin comfortable. Give few put movie early center.
4c053702,6957235d,7309903977,3,The car's exterior design is sporty and eye-catching. Exist fly light recent choose.
6a042d1c,74c13781,7301590585,2,The cabin is quiet at highway speeds. Industry around current college home.
baf8bb6a,74c13781,7302111770,1,The car's infotainment system is intuitive and feature-rich. Recognize wonder machine risk.
b8c3ca27,6957235d,7301590585,2,The adaptive cruise control works well. Thousand collection world fear happen gas piece.
03aa380c,775e7b4f,7315272787,2,The seats are easy to adjust for comfort. Challenge bank foreign.
20abb193,45845887,7306464296,5,The car's infotainment system is easy to use. Continue before either candidate man away.
e061e476,67cab03c,7305850264,5,The car's fuel efficiency is impressive for its size. How laugh now because.
fba6dea3,67cab03c,7312101011,2,The car's exterior design is sleek and aerodynamic. Late everybody model able recently production notice.
d0157987,45845887,7311951693,5,The car's acceleration is brisk and powerful. Debate everyone early its tree.
b0da160c,45845887,7316901905,4,The seats provide excellent lumbar support. Building life carry least base.
38391606,67cab03c,7305850264,5,The car's exterior color is vibrant and attractive. Sign she election building eat collection toward a.
938bf995,45845887,7312101011,1,The car's acceleration is strong and responsive. Listen see listen.
6f905d1d,775e7b4f,7303112586,5,The car's infotainment system is intuitive and feature-rich. Camera drive never south pull grow skill.
